SEG: 1, NO PAR, CH: 2 , 
SEG: 2, PAR: 1, CH: 3 , 
SEG: 3, PAR: 2, CH: 4 , 
SEG: 4, PAR: 3, CH: 5 , 
SEG: 5, PAR: 4, CH: 6 , 
SEG: 6, PAR: 5, CH: 7 , 
SEG: 7, PAR: 6, CH: 8 , 
SEG: 8, PAR: 7, CH: 9 , 
SEG: 9, PAR: 8, CH: 10 , 
SEG: 10, PAR: 9, CH: 11 , 
SEG: 11, PAR: 10, CH: 12 , 
SEG: 12, PAR: 11, CH: 13 , 
SEG: 13, PAR: 12, CH: 14 , 
SEG: 14, PAR: 13, CH: 15 0 , 
SEG: 15, PAR: 14, CH: 16 , 
SEG: 16, PAR: 15, CH: 17 , 
SEG: 17, PAR: 16, CH: 18 , 
SEG: 18, PAR: 17, CH: 19 , 
SEG: 19, PAR: 18, CH: 20 , 
SEG: 20, PAR: 19, CH: 21 , 
SEG: 21, PAR: 20, CH: 22 , 
SEG: 22, PAR: 21, CH: 23 , 
SEG: 23, PAR: 22, CH: 24 , 
SEG: 24, PAR: 23, CH: 25 , 
SEG: 25, PAR: 24, CH: 26 , 
SEG: 26, PAR: 25, CH: 27 , 
SEG: 27, PAR: 26, CH: 28 , 
SEG: 28, PAR: 27, CH: 29 , 
SEG: 29, PAR: 28, CH: 30 0 , 
SEG: 30, PAR: 29, CH: 31 , 
SEG: 31, PAR: 30, CH: 32 , 
SEG: 32, PAR: 31, CH: 33 , 
SEG: 33, PAR: 32, CH: 34 , 
SEG: 34, PAR: 33, CH: 35 , 
SEG: 35, PAR: 34, CH: 36 , 
SEG: 36, PAR: 35, CH: 37 , 
SEG: 37, PAR: 36, CH: 38 , 
SEG: 38, PAR: 37, CH: 39 , 
SEG: 39, PAR: 38, CH: 40 , 
SEG: 40, PAR: 39, CH: 41 , 
SEG: 41, PAR: 40, CH: 42 , 
SEG: 42, PAR: 41, CH: 43 , 
SEG: 43, PAR: 42, CH: 44 , 
SEG: 44, PAR: 43, CH: 45 , 
SEG: 45, PAR: 44, CH: 46 , 
SEG: 46, PAR: 45, CH: 47 , 
SEG: 47, PAR: 46, CH: 48 , 
SEG: 48, PAR: 47, CH: 49 , 
SEG: 49, PAR: 48, CH: 50 , 
SEG: 50, PAR: 49, CH: 51 , 
SEG: 51, PAR: 50, CH: 52 , 
SEG: 52, PAR: 51, CH: 53 , 
SEG: 53, PAR: 52, CH: 54 , 
SEG: 54, PAR: 53, CH: 55 , 
SEG: 55, PAR: 54, CH: 56 , 
SEG: 56, PAR: 55, CH: 57 , 
SEG: 57, PAR: 56, CH: 58 , 
SEG: 58, PAR: 57, CH: 59 , 
SEG: 59, PAR: 58, CH: 60 , 
SEG: 60, PAR: 59, CH: 61 , 
SEG: 61, PAR: 60, CH: 62 , 
SEG: 62, PAR: 61, CH: 63 , 
SEG: 63, PAR: 62, CH: 64 , 
SEG: 64, PAR: 63, CH: 65 , 
SEG: 65, PAR: 64, CH: 66 , 
SEG: 66, PAR: 65, CH: 67 , 
SEG: 67, PAR: 66, CH: 68 , 
SEG: 68, PAR: 67, CH: 69 , 
SEG: 69, PAR: 68, CH: 70 , 
SEG: 70, PAR: 69, CH: 71 , 
SEG: 71, PAR: 70, CH: 72 , 
SEG: 72, PAR: 71, CH: 73 , 
SEG: 73, PAR: 72, CH: 74 , 
SEG: 74, PAR: 73, CH: 75 , 
SEG: 75, PAR: 74, CH: 76 , 
SEG: 76, PAR: 75, CH: 77 , 
SEG: 77, PAR: 76, CH: 78 , 
SEG: 78, PAR: 77, CH: 79 , 
SEG: 79, PAR: 78, CH: 80 , 
SEG: 80, PAR: 79, CH: 81 , 
SEG: 81, PAR: 80, CH: 82 , 
SEG: 82, PAR: 81, CH: 83 , 
SEG: 83, PAR: 82, CH: 84 , 
SEG: 84, PAR: 83, CH: 85 , 
SEG: 85, PAR: 84, CH: 86 , 
SEG: 86, PAR: 85, CH: 87 , 
SEG: 87, PAR: 86, CH: 88 , 
SEG: 88, PAR: 87, CH: 89 , 
SEG: 89, PAR: 88, CH: 90 , 
SEG: 90, PAR: 89, CH: 91 , 
SEG: 91, PAR: 90, CH: 92 , 
SEG: 92, PAR: 91, CH: 93 , 
SEG: 93, PAR: 92, CH: 94 , 
SEG: 94, PAR: 93, CH: 95 , 
SEG: 95, PAR: 94, CH: 96 , 
SEG: 96, PAR: 95, CH: 97 , 
SEG: 97, PAR: 96, CH: 98 , 
SEG: 98, PAR: 97, CH: 99 , 
SEG: 99, PAR: 98, CH: 100 , 
SEG: 100, PAR: 99, CH: 101 , 
SEG: 101, PAR: 100, CH: 102 , 
SEG: 102, PAR: 101, CH: 103 , 
SEG: 103, PAR: 102, CH: 104 , 
SEG: 104, PAR: 103, CH: 105 , 
SEG: 105, PAR: 104, CH: 106 , 
SEG: 106, PAR: 105, CH: 107 , 
SEG: 107, PAR: 106, CH: 108 , 
SEG: 108, PAR: 107, CH: 109 , 
SEG: 109, PAR: 108, CH: 110 , 
SEG: 110, PAR: 109, CH: 111 , 
SEG: 111, PAR: 110, CH: 112 0 , 
SEG: 112, PAR: 111, CH: 113 , 
SEG: 113, PAR: 112, CH: 114 , 
SEG: 114, PAR: 113, CH: 115 , 
SEG: 115, PAR: 114, CH: 116 , 
SEG: 116, PAR: 115, CH: 117 , 
SEG: 117, PAR: 116, CH: 118 , 
SEG: 118, PAR: 117, CH: 119 , 
SEG: 119, PAR: 118, CH: 120 , 
SEG: 120, PAR: 119, CH: 121 , 
SEG: 121, PAR: 120, CH: 122 , 
SEG: 122, PAR: 121, CH: 123 , 
SEG: 123, PAR: 122, CH: 124 , 
SEG: 124, PAR: 123, CH: 125 , 
SEG: 125, PAR: 124, CH: 126 , 
SEG: 126, PAR: 125, CH: 127 , 
SEG: 127, PAR: 126, CH: 128 , 
SEG: 128, PAR: 127, CH: 129 , 
SEG: 129, PAR: 128, CH: 130 , 
SEG: 130, PAR: 129, CH: 131 , 
SEG: 131, PAR: 130, CH: 132 , 
SEG: 132, PAR: 131, CH: 133 , 
SEG: 133, PAR: 132, CH: 134 , 
SEG: 134, PAR: 133, CH: 135 , 
SEG: 135, PAR: 134, CH: 136 , 
SEG: 136, PAR: 135, CH: 137 , 
SEG: 137, PAR: 136, CH: 138 , 
SEG: 138, PAR: 137, CH: 139 , 
SEG: 139, PAR: 138, CH: 140 , 
SEG: 140, PAR: 139, CH: 141 , 
SEG: 141, PAR: 140, CH: 142 , 
SEG: 142, PAR: 141, CH: 143 , 
SEG: 143, PAR: 142, CH: 144 , 
SEG: 144, PAR: 143, CH: 145 , 
SEG: 145, PAR: 144, CH: 146 , 
SEG: 146, PAR: 145, CH: 147 , 
SEG: 147, PAR: 146, CH: 148 , 
SEG: 148, PAR: 147, CH: 149 , 
SEG: 149, PAR: 148, CH: 150 , 
SEG: 150, PAR: 149, CH: 151 , 
SEG: 151, PAR: 150, CH: 152 , 
SEG: 152, PAR: 151, CH: 153 , 
SEG: 153, PAR: 152, CH: 154 , 
SEG: 154, PAR: 153, CH: 155 , 
SEG: 155, PAR: 154, CH: 156 , 
SEG: 156, PAR: 155, CH: 157 , 
SEG: 157, PAR: 156, CH: 158 , 
SEG: 158, PAR: 157, CH: 159 , 
SEG: 159, PAR: 158, CH: 160 , 
SEG: 160, PAR: 159, CH: 161 , 
SEG: 161, PAR: 160, CH: 162 , 
SEG: 162, PAR: 161, CH: 163 , 
SEG: 163, PAR: 162, CH: 164 , 
SEG: 164, PAR: 163, CH: 165 , 
SEG: 165, PAR: 164, CH: 166 , 
SEG: 166, PAR: 165, CH: 167 , 
SEG: 167, PAR: 166, CH: 168 , 
SEG: 168, PAR: 167, CH: 169 , 
SEG: 169, PAR: 168, CH: 170 , 
SEG: 170, PAR: 169, CH: 171 , 
SEG: 171, PAR: 170, CH: 172 , 
SEG: 172, PAR: 171, CH: 173 , 
SEG: 173, PAR: 172, CH: 174 , 
SEG: 174, PAR: 173, CH: 175 , 
SEG: 175, PAR: 174, CH: 176 , 
SEG: 176, PAR: 175, CH: 177 , 
SEG: 177, PAR: 176, CH: 178 , 
SEG: 178, PAR: 177, CH: 179 , 
SEG: 179, PAR: 178, CH: 180 , 
SEG: 180, PAR: 179, CH: 181 , 
SEG: 181, PAR: 180, CH: 182 , 
SEG: 182, PAR: 181, CH: 183 , 
SEG: 183, PAR: 182, CH: 184 , 
SEG: 184, PAR: 183, CH: 185 , 
SEG: 185, PAR: 184, CH: 186 , 
SEG: 186, PAR: 185, CH: 187 , 
SEG: 187, PAR: 186, CH: 188 , 
SEG: 188, PAR: 187, CH: 189 , 
SEG: 189, PAR: 188, CH: 190 , 
SEG: 190, PAR: 189, CH: 191 , 
SEG: 191, PAR: 190, CH: 192 , 
SEG: 192, PAR: 191, CH: 193 , 
SEG: 193, PAR: 192, CH: 194 , 
SEG: 194, PAR: 193, CH: 195 , 
SEG: 195, PAR: 194, CH: 196 , 
SEG: 196, PAR: 195, CH: 197 , 
SEG: 197, PAR: 196, CH: 198 , 
SEG: 198, PAR: 197, CH: 199 , 
SEG: 199, PAR: 198, CH: 200 , 
SEG: 200, PAR: 199, CH: 201 , 
SEG: 201, PAR: 200, CH: 202 , 
SEG: 202, PAR: 201, CH: 203 , 
SEG: 203, PAR: 202, CH: 204 , 
SEG: 204, PAR: 203, CH: 205 , 
SEG: 205, PAR: 204, CH: 206 , 
SEG: 206, PAR: 205, CH: 207 , 
SEG: 207, PAR: 206, CH: 208 , 
SEG: 208, PAR: 207, CH: 209 , 
SEG: 209, PAR: 208, CH: 210 , 
SEG: 210, PAR: 209, CH: 211 , 
SEG: 211, PAR: 210, CH: 212 , 
SEG: 212, PAR: 211, CH: 213 , 
SEG: 213, PAR: 212, CH: 214 , 
SEG: 214, PAR: 213, CH: 215 , 
SEG: 215, PAR: 214, CH: 216 , 
SEG: 216, PAR: 215, CH: 217 , 
SEG: 217, PAR: 216, CH: 218 , 
SEG: 218, PAR: 217, CH: 219 , 
SEG: 219, PAR: 218, CH: 220 , 
SEG: 220, PAR: 219, CH: 221 , 
SEG: 221, PAR: 220, CH: 222 , 
SEG: 222, PAR: 221, CH: 223 , 
SEG: 223, PAR: 222, CH: 224 , 
SEG: 224, PAR: 223, CH: 225 , 
SEG: 225, PAR: 224, CH: 226 , 
SEG: 226, PAR: 225, CH: 227 , 
SEG: 227, PAR: 226, CH: 228 , 
SEG: 228, PAR: 227, CH: 229 , 
SEG: 229, PAR: 228, CH: 230 , 
SEG: 230, PAR: 229, CH: 231 , 
SEG: 231, PAR: 230, CH: 232 , 
SEG: 232, PAR: 231, CH: 233 , 
SEG: 233, PAR: 232, CH: 234 , 
SEG: 234, PAR: 233, CH: 235 , 
SEG: 235, PAR: 234, CH: 236 , 
SEG: 236, PAR: 235, CH: 237 , 
SEG: 237, PAR: 236, CH: 238 , 
SEG: 238, PAR: 237, CH: 239 , 
SEG: 239, PAR: 238, CH: 240 , 
SEG: 240, PAR: 239, CH: 241 , 
SEG: 241, PAR: 240, CH: 242 , 
SEG: 242, PAR: 241, CH: 243 , 
SEG: 243, PAR: 242, CH: 244 0 , 
SEG: 244, PAR: 243, CH: 245 , 
SEG: 245, PAR: 244, CH: 246 , 
SEG: 246, PAR: 245, CH: 247 , 
SEG: 247, PAR: 246, CH: 248 , 
SEG: 248, PAR: 247, CH: 249 , 
SEG: 249, PAR: 248, CH: 250 , 
SEG: 250, PAR: 249, CH: 251 , 
SEG: 251, PAR: 250, CH: 252 , 
SEG: 252, PAR: 251, CH: 253 , 
SEG: 253, PAR: 252, CH: 254 , 
SEG: 254, PAR: 253, CH: 255 , 
SEG: 255, PAR: 254, CH: 256 , 
SEG: 256, PAR: 255, CH: 257 , 
SEG: 257, PAR: 256, CH: 258 , 
SEG: 258, PAR: 257, CH: 259 , 
SEG: 259, PAR: 258, CH: 260 , 
SEG: 260, PAR: 259, CH: 261 , 
SEG: 261, PAR: 260, CH: 262 , 
SEG: 262, PAR: 261, CH: 263 , 
SEG: 263, PAR: 262, CH: 264 , 
SEG: 264, PAR: 263, CH: 265 , 
SEG: 265, PAR: 264, CH: 266 , 
SEG: 266, PAR: 265, CH: 267 , 
SEG: 267, PAR: 266, CH: 268 , 
SEG: 268, PAR: 267, CH: 269 , 
SEG: 269, PAR: 268, CH: 270 , 
SEG: 270, PAR: 269, CH: 271 , 
SEG: 271, PAR: 270, CH: 272 , 
SEG: 272, PAR: 271, CH: 273 , 
SEG: 273, PAR: 272, CH: 274 , 
SEG: 274, PAR: 273, CH: 275 , 
SEG: 275, PAR: 274, CH: 276 , 
SEG: 276, PAR: 275, CH: 277 , 
SEG: 277, PAR: 276, CH: 278 , 
SEG: 278, PAR: 277, CH: 279 , 
SEG: 279, PAR: 278, CH: 280 , 
SEG: 280, PAR: 279, CH: 281 , 
SEG: 281, PAR: 280, CH: 282 , 
SEG: 282, PAR: 281, CH: 283 , 
SEG: 283, PAR: 282, CH: 284 , 
SEG: 284, PAR: 283, CH: 285 , 
SEG: 285, PAR: 284, CH: 286 , 
SEG: 286, PAR: 285, CH: 287 , 
SEG: 287, PAR: 286, CH: 288 , 
SEG: 288, PAR: 287, CH: 289 , 
SEG: 289, PAR: 288, CH: 290 , 
SEG: 290, PAR: 289, CH: 291 , 
SEG: 291, PAR: 290, CH: 292 , 
SEG: 292, PAR: 291, CH: 293 , 
SEG: 293, PAR: 292, CH: 294 , 
SEG: 294, PAR: 293, CH: 295 , 
SEG: 295, PAR: 294, CH: 296 , 
SEG: 296, PAR: 295, CH: 297 , 
SEG: 297, PAR: 296, CH: 298 , 
SEG: 298, PAR: 297, CH: 299 , 
SEG: 299, PAR: 298, CH: 300 , 
SEG: 300, PAR: 299, CH: 301 , 
SEG: 301, PAR: 300, CH: 302 , 
SEG: 302, PAR: 301, CH: 303 , 
SEG: 303, PAR: 302, CH: 304 , 
SEG: 304, PAR: 303, CH: 305 , 
SEG: 305, PAR: 304, CH: 306 , 
SEG: 306, PAR: 305, CH: 307 , 
SEG: 307, PAR: 306, CH: 308 , 
SEG: 308, PAR: 307, CH: 309 , 
SEG: 309, PAR: 308, CH: 310 , 
SEG: 310, PAR: 309, CH: 311 , 
SEG: 311, PAR: 310, CH: 312 , 
SEG: 312, PAR: 311, CH: 313 , 
SEG: 313, PAR: 312, CH: 314 , 
SEG: 314, PAR: 313, CH: 315 , 
SEG: 315, PAR: 314, CH: 316 , 
SEG: 316, PAR: 315, CH: 317 , 
SEG: 317, PAR: 316, CH: 318 , 
SEG: 318, PAR: 317, CH: 319 , 
SEG: 319, PAR: 318, CH: 320 0 , 
SEG: 320, PAR: 319, CH: 321 0 , 
SEG: 321, PAR: 320, CH: 322 , 
SEG: 322, PAR: 321, CH: 323 , 
SEG: 323, PAR: 322, CH: 324 , 
SEG: 324, PAR: 323, CH: 325 , 
SEG: 325, PAR: 324, CH: 326 , 
SEG: 326, PAR: 325, CH: 327 , 
SEG: 327, PAR: 326, CH: 328 , 
SEG: 328, PAR: 327, CH: 329 , 
SEG: 329, PAR: 328, CH: 330 , 
SEG: 330, PAR: 329, CH: 331 , 
SEG: 331, PAR: 330, CH: 332 , 
SEG: 332, PAR: 331, CH: 333 , 
SEG: 333, PAR: 332, CH: 334 , 
SEG: 334, PAR: 333, CH: 335 , 
SEG: 335, PAR: 334, CH: 336 , 
SEG: 336, PAR: 335, CH: 337 , 
SEG: 337, PAR: 336, CH: 338 , 
SEG: 338, PAR: 337, CH: 339 , 
SEG: 339, PAR: 338, CH: 340 , 
SEG: 340, PAR: 339, CH: 341 , 
SEG: 341, PAR: 340, CH: 342 , 
SEG: 342, PAR: 341, CH: 343 , 
SEG: 343, PAR: 342, CH: 344 , 
SEG: 344, PAR: 343, CH: 345 , 
SEG: 345, PAR: 344, CH: 346 , 
SEG: 346, PAR: 345, CH: 347 , 
SEG: 347, PAR: 346, CH: 348 , 
SEG: 348, PAR: 347, CH: 349 , 
SEG: 349, PAR: 348, CH: 350 , 
SEG: 350, PAR: 349, CH: 351 , 
SEG: 351, PAR: 350, CH: 352 , 
SEG: 352, PAR: 351, CH: 353 , 
SEG: 353, PAR: 352, CH: 354 , 
SEG: 354, PAR: 353, CH: 355 , 
SEG: 355, PAR: 354, CH: 356 , 
SEG: 356, PAR: 355, CH: 357 , 
SEG: 357, PAR: 356, CH: 358 , 
SEG: 358, PAR: 357, CH: 359 , 
SEG: 359, PAR: 358, CH: 360 , 
SEG: 360, PAR: 359, CH: 361 , 
SEG: 361, PAR: 360, CH: 362 , 
SEG: 362, PAR: 361, CH: 363 , 
SEG: 363, PAR: 362, CH: 364 , 
SEG: 364, PAR: 363, CH: 365 , 
SEG: 365, PAR: 364, CH: 366 , 
SEG: 366, PAR: 365, CH: 367 , 
SEG: 367, PAR: 366, CH: 368 , 
SEG: 368, PAR: 367, CH: 369 , 
SEG: 369, PAR: 368, CH: 370 , 
SEG: 370, PAR: 369, CH: 371 , 
SEG: 371, PAR: 370, CH: 372 , 
SEG: 372, PAR: 371, CH: 373 , 
SEG: 373, PAR: 372, CH: 374 , 
SEG: 374, PAR: 373, CH: 375 , 
SEG: 375, PAR: 374, CH: 376 , 
SEG: 376, PAR: 375, CH: 377 , 
SEG: 377, PAR: 376, CH: 378 , 
SEG: 378, PAR: 377, CH: 379 , 
SEG: 379, PAR: 378, CH: 380 , 
SEG: 380, PAR: 379, CH: 381 , 
SEG: 381, PAR: 380, CH: 382 , 
SEG: 382, PAR: 381, CH: 383 , 
SEG: 383, PAR: 382, CH: 384 , 
SEG: 384, PAR: 383, CH: 385 , 
SEG: 385, PAR: 384, CH: 386 , 
SEG: 386, PAR: 385, CH: 387 , 
SEG: 387, PAR: 386, CH: 388 , 
SEG: 388, PAR: 387, CH: 389 , 
SEG: 389, PAR: 388, CH: 390 , 
SEG: 390, PAR: 389, CH: 391 , 
SEG: 391, PAR: 390, CH: 392 , 
SEG: 392, PAR: 391, CH: 393 0 , 
SEG: 393, PAR: 392, CH: 394 , 
SEG: 394, PAR: 393, CH: 395 , 
SEG: 395, PAR: 394, CH: 396 , 
SEG: 396, PAR: 395, CH: 397 , 
SEG: 397, PAR: 396, CH: 398 , 
SEG: 398, PAR: 397, CH: 399 , 
SEG: 399, PAR: 398, CH: 400 , 
SEG: 400, PAR: 399, CH: 401 , 
SEG: 401, PAR: 400, CH: 402 , 
SEG: 402, PAR: 401, CH: 403 , 
SEG: 403, PAR: 402, CH: 404 , 
SEG: 404, PAR: 403, CH: 405 , 
SEG: 405, PAR: 404, CH: 406 , 
SEG: 406, PAR: 405, CH: 407 , 
SEG: 407, PAR: 406, CH: 408 , 
SEG: 408, PAR: 407, CH: 409 , 
SEG: 409, PAR: 408, CH: 410 0 , 
SEG: 410, PAR: 409, CH: 411 , 
SEG: 411, PAR: 410, CH: 412 , 
SEG: 412, PAR: 411, CH: 413 , 
SEG: 413, PAR: 412, CH: 414 , 
SEG: 414, PAR: 413, CH: 415 , 
SEG: 415, PAR: 414, CH: 416 , 
SEG: 416, PAR: 415, CH: 417 , 
SEG: 417, PAR: 416, CH: 418 , 
SEG: 418, PAR: 417, CH: 419 , 
SEG: 419, PAR: 418, CH: 420 0 , 
SEG: 420, PAR: 419, CH: 421 , 
SEG: 421, PAR: 420, CH: 422 , 
SEG: 422, PAR: 421, CH: 423 , 
SEG: 423, PAR: 422, CH: 424 , 
SEG: 424, PAR: 423, CH: 425 , 
SEG: 425, PAR: 424, CH: 426 , 
SEG: 426, PAR: 425, CH: 427 , 
SEG: 427, PAR: 426, CH: 428 , 
SEG: 428, PAR: 427, CH: 429 , 
SEG: 429, PAR: 428, CH: 430 , 
SEG: 430, PAR: 429, CH: 431 , 
SEG: 431, PAR: 430, CH: 432 , 
SEG: 432, PAR: 431, CH: 433 , 
SEG: 433, PAR: 432, CH: 434 , 
SEG: 434, PAR: 433, CH: 435 , 
SEG: 435, PAR: 434, CH: 436 , 
SEG: 436, PAR: 435, CH: 437 , 
SEG: 437, PAR: 436, CH: 438 , 
SEG: 438, PAR: 437, CH: 439 , 
SEG: 439, PAR: 438, CH: 440 , 
SEG: 440, PAR: 439, CH: 441 , 
SEG: 441, PAR: 440, CH: 442 , 
SEG: 442, PAR: 441, CH: 443 , 
SEG: 443, PAR: 442, CH: 444 , 
SEG: 444, PAR: 443, CH: 445 , 
SEG: 445, PAR: 444, CH: 446 , 
SEG: 446, PAR: 445, CH: 447 , 
SEG: 447, PAR: 446, CH: 448 , 
SEG: 448, PAR: 447, CH: 449 , 
SEG: 449, PAR: 448, CH: 450 , 
SEG: 450, PAR: 449, CH: 451 , 
SEG: 451, PAR: 450, CH: 452 , 
SEG: 452, PAR: 451, CH: 453 , 
SEG: 453, PAR: 452, CH: 454 , 
SEG: 454, PAR: 453, CH: 455 , 
SEG: 455, PAR: 454, CH: 456 , 
SEG: 456, PAR: 455, CH: 457 , 
SEG: 457, PAR: 456, CH: 458 , 
SEG: 458, PAR: 457, CH: 459 , 
SEG: 459, PAR: 458, CH: 460 , 
SEG: 460, PAR: 459, CH: 461 , 
SEG: 461, PAR: 460, CH: 462 , 
SEG: 462, PAR: 461, CH: 463 , 
SEG: 463, PAR: 462, CH: 464 , 
SEG: 464, PAR: 463, CH: 465 , 
SEG: 465, PAR: 464, CH: 466 , 
SEG: 466, PAR: 465, CH: 467 , 
SEG: 467, PAR: 466, CH: 468 , 
SEG: 468, PAR: 467, CH: 469 , 
SEG: 469, PAR: 468, CH: 470 , 
SEG: 470, PAR: 469, CH: 471 , 
SEG: 471, PAR: 470, CH: 472 , 
SEG: 472, PAR: 471, CH: 473 , 
SEG: 473, PAR: 472, CH: 474 , 
SEG: 474, PAR: 473, CH: 475 , 
SEG: 475, PAR: 474, CH: 476 , 
SEG: 476, PAR: 475, CH: 477 , 
SEG: 477, PAR: 476, CH: 478 , 
SEG: 478, PAR: 477, CH: 479 , 
SEG: 479, PAR: 478, CH: 480 , 
SEG: 480, PAR: 479, CH: 481 , 
SEG: 481, PAR: 480, CH: 482 , 
SEG: 482, PAR: 481, CH: 483 , 
SEG: 483, PAR: 482, CH: 484 , 
SEG: 484, PAR: 483, CH: 485 , 
SEG: 485, PAR: 484, CH: 486 , 
SEG: 486, PAR: 485, CH: 487 , 
SEG: 487, PAR: 486, CH: 488 , 
SEG: 488, PAR: 487, CH: 489 0 , 
SEG: 489, PAR: 488, CH: 490 , 
SEG: 490, PAR: 489, CH: 491 , 
SEG: 491, PAR: 490, CH: 492 , 
SEG: 492, PAR: 491, CH: 493 , 
SEG: 493, PAR: 492, CH: 494 , 
SEG: 494, PAR: 493, CH: 495 , 
SEG: 495, PAR: 494, CH: 496 , 
SEG: 496, PAR: 495, CH: 497 , 
SEG: 497, PAR: 496, CH: 498 , 
SEG: 498, PAR: 497, CH: 499 , 
SEG: 499, PAR: 498, CH: 500 , 
SEG: 500, PAR: 499, CH: 501 , 
SEG: 501, PAR: 500, CH: 502 , 
SEG: 502, PAR: 501, CH: 503 , 
SEG: 503, PAR: 502, CH: 504 , 
SEG: 504, PAR: 503, CH: 505 , 
SEG: 505, PAR: 504, CH: 506 , 
SEG: 506, PAR: 505, CH: 507 , 
SEG: 507, PAR: 506, CH: 508 , 
SEG: 508, PAR: 507, CH: 509 , 
SEG: 509, PAR: 508, CH: 510 , 
SEG: 510, PAR: 509, CH: 511 , 
SEG: 511, PAR: 510, CH: 512 , 
SEG: 512, PAR: 511, CH: 513 0 , 
SEG: 513, PAR: 512, CH: 514 , 
SEG: 514, PAR: 513, CH: 515 , 
SEG: 515, PAR: 514, CH: 516 , 
SEG: 516, PAR: 515, CH: 517 , 
SEG: 517, PAR: 516, CH: 518 , 
SEG: 518, PAR: 517, CH: 519 , 
SEG: 519, PAR: 518, CH: 520 , 
SEG: 520, PAR: 519, CH: 521 , 
SEG: 521, PAR: 520, CH: 522 , 
SEG: 522, PAR: 521, CH: 523 , 
SEG: 523, PAR: 522, CH: 524 , 
SEG: 524, PAR: 523, CH: 525 , 
SEG: 525, PAR: 524, CH: 526 , 
SEG: 526, PAR: 525, CH: 527 , 
SEG: 527, PAR: 526, CH: 528 , 
SEG: 528, PAR: 527, CH: 529 , 
SEG: 529, PAR: 528, CH: 530 , 
SEG: 530, PAR: 529, CH: 531 , 
SEG: 531, PAR: 530, CH: 532 , 
SEG: 532, PAR: 531, CH: 533 , 
SEG: 533, PAR: 532, CH: 534 , 
SEG: 534, PAR: 533, CH: 535 , 
SEG: 535, PAR: 534, CH: 536 , 
SEG: 536, PAR: 535, CH: 537 , 
SEG: 537, PAR: 536, CH: 538 , 
SEG: 538, PAR: 537, CH: 539 , 
SEG: 539, PAR: 538, CH: 540 , 
SEG: 540, PAR: 539, CH: 541 , 
SEG: 541, PAR: 540, CH: 542 , 
SEG: 542, PAR: 541, CH: 543 , 
SEG: 543, PAR: 542, CH: 544 , 
SEG: 544, PAR: 543, CH: 545 , 
SEG: 545, PAR: 544, CH: 546 , 
SEG: 546, PAR: 545, CH: 547 , 
SEG: 547, PAR: 546, CH: 548 , 
SEG: 548, PAR: 547, CH: 549 , 
SEG: 549, PAR: 548, CH: 550 , 
SEG: 550, PAR: 549, CH: 551 , 
SEG: 551, PAR: 550, CH: 552 , 
SEG: 552, PAR: 551, CH: 553 , 
SEG: 553, PAR: 552, CH: 554 , 
SEG: 554, PAR: 553, CH: 555 , 
SEG: 555, PAR: 554, CH: 556 , 
SEG: 556, PAR: 555, CH: 557 , 
SEG: 557, PAR: 556, CH: 558 , 
SEG: 558, PAR: 557, CH: 559 , 
SEG: 559, PAR: 558, CH: 560 , 
SEG: 560, PAR: 559, CH: 561 , 
SEG: 561, PAR: 560, CH: 562 , 
SEG: 562, PAR: 561, CH: 563 , 
SEG: 563, PAR: 562, CH: 564 , 
SEG: 564, PAR: 563, CH: 565 , 
SEG: 565, PAR: 564, CH: 566 , 
SEG: 566, PAR: 565, CH: 567 , 
SEG: 567, PAR: 566, CH: 568 , 
SEG: 568, PAR: 567, CH: 569 , 
SEG: 569, PAR: 568, CH: 570 , 
SEG: 570, PAR: 569, CH: 571 , 
SEG: 571, PAR: 570, CH: 572 , 
SEG: 572, PAR: 571, CH: 573 , 
SEG: 573, PAR: 572, CH: 574 , 
SEG: 574, PAR: 573, CH: 575 , 
SEG: 575, PAR: 574, CH: 576 , 
SEG: 576, PAR: 575, CH: 577 , 
SEG: 577, PAR: 576, CH: 578 , 
SEG: 578, PAR: 577, CH: 579 , 
SEG: 579, PAR: 578, CH: 580 , 
SEG: 580, PAR: 579, CH: 581 , 
SEG: 581, PAR: 580, CH: 582 , 
SEG: 582, PAR: 581, CH: 583 , 
SEG: 583, PAR: 582, CH: 584 , 
SEG: 584, PAR: 583, CH: 585 , 
SEG: 585, PAR: 584, CH: 586 , 
SEG: 586, PAR: 585, CH: 587 , 
SEG: 587, PAR: 586, CH: 588 , 
SEG: 588, PAR: 587, CH: 589 , 
SEG: 589, PAR: 588, CH: 590 , 
SEG: 590, PAR: 589, CH: 591 , 
SEG: 591, PAR: 590, CH: 592 , 
SEG: 592, PAR: 591, CH: 593 , 
SEG: 593, PAR: 592, CH: 594 , 
SEG: 594, PAR: 593, CH: 595 , 
SEG: 595, PAR: 594, CH: 596 , 
SEG: 596, PAR: 595, CH: 597 , 
SEG: 597, PAR: 596, CH: 598 , 
SEG: 598, PAR: 597, CH: 599 , 
SEG: 599, PAR: 598, CH: 600 , 
SEG: 600, PAR: 599, CH: 601 , 
SEG: 601, PAR: 600, CH: 602 , 
SEG: 602, PAR: 601, CH: 603 , 
SEG: 603, PAR: 602, CH: 604 , 
SEG: 604, PAR: 603, CH: 605 , 
SEG: 605, PAR: 604, CH: 606 , 
SEG: 606, PAR: 605, CH: 607 , 
SEG: 607, PAR: 606, CH: 608 , 
SEG: 608, PAR: 607, CH: 609 , 
SEG: 609, PAR: 608, CH: 610 , 
SEG: 610, PAR: 609, CH: 611 , 
SEG: 611, PAR: 610, CH: 612 , 
SEG: 612, PAR: 611, CH: 613 , 
SEG: 613, PAR: 612, CH: 614 , 
SEG: 614, PAR: 613, CH: 615 , 
SEG: 615, PAR: 614, CH: 616 , 
SEG: 616, PAR: 615, CH: 617 , 
SEG: 617, PAR: 616, CH: 618 , 
SEG: 618, PAR: 617, CH: 619 , 
SEG: 619, PAR: 618, CH: 620 , 
SEG: 620, PAR: 619, CH: 621 , 
SEG: 621, PAR: 620, CH: 622 , 
SEG: 622, PAR: 621, CH: 623 , 
SEG: 623, PAR: 622, CH: 624 , 
SEG: 624, PAR: 623, CH: 625 , 
SEG: 625, PAR: 624, CH: 626 , 
SEG: 626, PAR: 625, CH: 627 , 
SEG: 627, PAR: 626, CH: 628 , 
SEG: 628, PAR: 627, CH: 629 , 
SEG: 629, PAR: 628, CH: 630 , 
SEG: 630, PAR: 629, CH: 631 , 
SEG: 631, PAR: 630, CH: 632 , 
SEG: 632, PAR: 631, CH: 633 , 
SEG: 633, PAR: 632, CH: 634 , 
SEG: 634, PAR: 633, CH: 635 , 
SEG: 635, PAR: 634, CH: 636 , 
SEG: 636, PAR: 635, CH: 637 , 
SEG: 637, PAR: 636, CH: 638 , 
SEG: 638, PAR: 637, CH: 639 , 
SEG: 639, PAR: 638, CH: 640 , 
SEG: 640, PAR: 639, CH: 641 , 
SEG: 641, PAR: 640, CH: 642 , 
SEG: 642, PAR: 641, CH: 643 , 
SEG: 643, PAR: 642, CH: 644 , 
SEG: 644, PAR: 643, CH: 645 , 
SEG: 645, PAR: 644, CH: 646 , 
SEG: 646, PAR: 645, CH: 647 , 
SEG: 647, PAR: 646, CH: 648 , 
SEG: 648, PAR: 647, CH: 649 , 
SEG: 649, PAR: 648, CH: 650 , 
SEG: 650, PAR: 649, CH: 651 , 
SEG: 651, PAR: 650, CH: 652 , 
SEG: 652, PAR: 651, CH: 653 , 
SEG: 653, PAR: 652, CH: 654 , 
SEG: 654, PAR: 653, CH: 655 , 
SEG: 655, PAR: 654, CH: 656 , 
SEG: 656, PAR: 655, CH: 657 0 , 
SEG: 657, PAR: 656, CH: 658 , 
SEG: 658, PAR: 657, CH: 659 , 
SEG: 659, PAR: 658, CH: 660 , 
SEG: 660, PAR: 659, CH: 661 , 
SEG: 661, PAR: 660, CH: 662 0 , 
SEG: 662, PAR: 661, CH: 663 , 
SEG: 663, PAR: 662, CH: 664 , 
SEG: 664, PAR: 663, CH: 665 , 
SEG: 665, PAR: 664, CH: 666 , 
SEG: 666, PAR: 665, CH: 667 , 
SEG: 667, PAR: 666, CH: 668 , 
SEG: 668, PAR: 667, CH: 669 , 
SEG: 669, PAR: 668, CH: 670 , 
SEG: 670, PAR: 669, CH: 671 , 
SEG: 671, PAR: 670, CH: 672 , 
SEG: 672, PAR: 671, CH: 673 , 
SEG: 673, PAR: 672, CH: 674 , 
SEG: 674, PAR: 673, CH: 675 , 
SEG: 675, PAR: 674, CH: 676 , 
SEG: 676, PAR: 675, CH: 677 , 
SEG: 677, PAR: 676, CH: 678 , 
SEG: 678, PAR: 677, CH: 679 , 
SEG: 679, PAR: 678, CH: 680 , 
SEG: 680, PAR: 679, CH: 681 , 
SEG: 681, PAR: 680, CH: 682 , 
SEG: 682, PAR: 681, CH: 683 , 
SEG: 683, PAR: 682, CH: 684 , 
SEG: 684, PAR: 683, CH: 685 , 
SEG: 685, PAR: 684, CH: 686 , 
SEG: 686, PAR: 685, CH: 687 , 
SEG: 687, PAR: 686, CH: 688 , 
SEG: 688, PAR: 687, CH: 689 , 
SEG: 689, PAR: 688, CH: 690 , 
SEG: 690, PAR: 689, CH: 691 , 
SEG: 691, PAR: 690, CH: 692 , 
SEG: 692, PAR: 691, CH: 693 , 
SEG: 693, PAR: 692, CH: 694 , 
SEG: 694, PAR: 693, CH: 695 , 
SEG: 695, PAR: 694, CH: 696 , 
SEG: 696, PAR: 695, CH: 697 , 
SEG: 697, PAR: 696, CH: 698 , 
SEG: 698, PAR: 697, CH: 699 , 
SEG: 699, PAR: 698, CH: 700 , 
SEG: 700, PAR: 699, CH: 701 , 
SEG: 701, PAR: 700, CH: 702 , 
SEG: 702, PAR: 701, CH: 703 , 
SEG: 703, PAR: 702, CH: 704 , 
SEG: 704, PAR: 703, CH: 705 0 , 
SEG: 705, PAR: 704, CH: 706 , 
SEG: 706, PAR: 705, CH: 707 , 
SEG: 707, PAR: 706, CH: 708 , 
SEG: 708, PAR: 707, CH: 709 , 
SEG: 709, PAR: 708, CH: 710 , 
SEG: 710, PAR: 709, CH: 711 , 
SEG: 711, PAR: 710, CH: 712 , 
SEG: 712, PAR: 711, CH: 713 , 
SEG: 713, PAR: 712, CH: 714 , 
SEG: 714, PAR: 713, CH: 715 , 
SEG: 715, PAR: 714, CH: 716 , 
SEG: 716, PAR: 715, CH: 717 , 
SEG: 717, PAR: 716, CH: 718 , 
SEG: 718, PAR: 717, CH: 719 , 
SEG: 719, PAR: 718, CH: 720 , 
SEG: 720, PAR: 719, CH: 721 , 
SEG: 721, PAR: 720, CH: 722 , 
SEG: 722, PAR: 721, CH: 723 , 
SEG: 723, PAR: 722, CH: 724 , 
SEG: 724, PAR: 723, CH: 725 , 
SEG: 725, PAR: 724, CH: 726 , 
SEG: 726, PAR: 725, CH: 727 , 
SEG: 727, PAR: 726, CH: 728 , 
SEG: 728, PAR: 727, CH: 729 , 
SEG: 729, PAR: 728, CH: 730 , 
SEG: 730, PAR: 729, CH: 731 , 
SEG: 731, PAR: 730, CH: 732 , 
SEG: 732, PAR: 731, CH: 733 , 
SEG: 733, PAR: 732, CH: 734 , 
SEG: 734, PAR: 733, CH: 735 , 
SEG: 735, PAR: 734, CH: 736 , 
SEG: 736, PAR: 735, CH: 737 , 
SEG: 737, PAR: 736, CH: 738 , 
SEG: 738, PAR: 737, CH: 739 , 
SEG: 739, PAR: 738, CH: 740 , 
SEG: 740, PAR: 739, CH: 741 , 
SEG: 741, PAR: 740, CH: 742 , 
SEG: 742, PAR: 741, CH: 743 , 
SEG: 743, PAR: 742, CH: 744 , 
SEG: 744, PAR: 743, CH: 745 , 
SEG: 745, PAR: 744, CH: 746 , 
SEG: 746, PAR: 745, CH: 747 , 
SEG: 747, PAR: 746, CH: 748 , 
SEG: 748, PAR: 747, CH: 749 , 
SEG: 749, PAR: 748, CH: 750 , 
SEG: 750, PAR: 749, CH: 751 , 
SEG: 751, PAR: 750, CH: 752 , 
SEG: 752, PAR: 751, CH: 753 , 
SEG: 753, PAR: 752, CH: 754 , 
SEG: 754, PAR: 753, CH: 755 , 
SEG: 755, PAR: 754, CH: 756 , 
SEG: 756, PAR: 755, CH: 757 , 
SEG: 757, PAR: 756, CH: 758 , 
SEG: 758, PAR: 757, CH: 759 , 
SEG: 759, PAR: 758, CH: 760 , 
SEG: 760, PAR: 759, CH: 761 , 
SEG: 761, PAR: 760, CH: 762 , 
SEG: 762, PAR: 761, CH: 763 , 
SEG: 763, PAR: 762, CH: 764 , 
SEG: 764, PAR: 763, CH: 765 , 
SEG: 765, PAR: 764, CH: 766 , 
SEG: 766, PAR: 765, CH: 767 , 
SEG: 767, PAR: 766, CH: 768 , 
SEG: 768, PAR: 767, CH: 769 0 , 
SEG: 769, PAR: 768, CH: 770 , 
SEG: 770, PAR: 769, CH: 771 , 
SEG: 771, PAR: 770, CH: 772 , 
SEG: 772, PAR: 771, CH: 773 , 
SEG: 773, PAR: 772, CH: 774 , 
SEG: 774, PAR: 773, CH: 775 , 
SEG: 775, PAR: 774, CH: 776 , 
SEG: 776, PAR: 775, CH: 777 , 
SEG: 777, PAR: 776, CH: 778 , 
SEG: 778, PAR: 777, CH: 779 , 
SEG: 779, PAR: 778, CH: 780 , 
SEG: 780, PAR: 779, CH: 781 , 
SEG: 781, PAR: 780, CH: 782 , 
SEG: 782, PAR: 781, CH: 783 , 
SEG: 783, PAR: 782, CH: 784 , 
SEG: 784, PAR: 783, CH: 785 , 
SEG: 785, PAR: 784, CH: 786 , 
SEG: 786, PAR: 785, CH: 787 , 
SEG: 787, PAR: 786, CH: 788 , 
SEG: 788, PAR: 787, CH: 789 , 
SEG: 789, PAR: 788, CH: 790 , 
SEG: 790, PAR: 789, CH: 791 , 
SEG: 791, PAR: 790, CH: 792 0 , 
SEG: 792, PAR: 791, CH: 793 , 
SEG: 793, PAR: 792, CH: 794 , 
SEG: 794, PAR: 793, CH: 795 , 
SEG: 795, PAR: 794, CH: 796 , 
SEG: 796, PAR: 795, CH: 797 , 
SEG: 797, PAR: 796, CH: 798 , 
SEG: 798, PAR: 797, CH: 799 , 
SEG: 799, PAR: 798, CH: 800 , 
SEG: 800, PAR: 799, CH: 801 , 
SEG: 801, PAR: 800, CH: 802 , 
SEG: 802, PAR: 801, CH: 803 , 
SEG: 803, PAR: 802, CH: 804 , 
SEG: 804, PAR: 803, CH: 805 , 
SEG: 805, PAR: 804, CH: 806 , 
SEG: 806, PAR: 805, CH: 807 , 
SEG: 807, PAR: 806, CH: 808 , 
SEG: 808, PAR: 807, CH: 809 , 
SEG: 809, PAR: 808, CH: 810 , 
SEG: 810, PAR: 809, CH: 811 , 
SEG: 811, PAR: 810, CH: 812 , 
SEG: 812, PAR: 811, CH: 813 , 
SEG: 813, PAR: 812, CH: 814 , 
SEG: 814, PAR: 813, CH: 815 , 
SEG: 815, PAR: 814, CH: 816 , 
SEG: 816, PAR: 815, CH: 817 , 
SEG: 817, PAR: 816, CH: 818 , 
SEG: 818, PAR: 817, CH: 819 , 
SEG: 819, PAR: 818, CH: 820 , 
SEG: 820, PAR: 819, CH: 821 , 
SEG: 821, PAR: 820, CH: 822 , 
SEG: 822, PAR: 821, CH: 823 , 
SEG: 823, PAR: 822, CH: 824 , 
SEG: 824, PAR: 823, CH: 825 , 
SEG: 825, PAR: 824, CH: 826 , 
SEG: 826, PAR: 825, CH: 827 , 
SEG: 827, PAR: 826, CH: 828 , 
SEG: 828, PAR: 827, CH: 829 , 
SEG: 829, PAR: 828, CH: 830 , 
SEG: 830, PAR: 829, CH: 831 , 
SEG: 831, PAR: 830, CH: 832 , 
SEG: 832, PAR: 831, CH: 833 , 
SEG: 833, PAR: 832, CH: 834 , 
SEG: 834, PAR: 833, CH: 835 , 
SEG: 835, PAR: 834, CH: 836 , 
SEG: 836, PAR: 835, CH: 837 , 
SEG: 837, PAR: 836, CH: 838 , 
SEG: 838, PAR: 837, CH: 839 , 
SEG: 839, PAR: 838, CH: 840 , 
SEG: 840, PAR: 839, CH: 841 , 
SEG: 841, PAR: 840, CH: 842 , 
SEG: 842, PAR: 841, CH: 843 , 
SEG: 843, PAR: 842, CH: 844 , 
SEG: 844, PAR: 843, CH: 845 , 
SEG: 845, PAR: 844, CH: 846 , 
SEG: 846, PAR: 845, CH: 847 , 
SEG: 847, PAR: 846, CH: 848 , 
SEG: 848, PAR: 847, CH: 849 0 , 
SEG: 849, PAR: 848, CH: 850 , 
SEG: 850, PAR: 849, CH: 851 , 
SEG: 851, PAR: 850, CH: 852 , 
SEG: 852, PAR: 851, CH: 853 , 
SEG: 853, PAR: 852, CH: 854 , 
SEG: 854, PAR: 853, CH: 855 , 
SEG: 855, PAR: 854, CH: 856 0 , 
SEG: 856, PAR: 855, CH: 857 , 
SEG: 857, PAR: 856, CH: 858 , 
SEG: 858, PAR: 857, CH: 859 , 
SEG: 859, PAR: 858, CH: 860 , 
SEG: 860, PAR: 859, CH: 861 , 
SEG: 861, PAR: 860, CH: 862 , 
SEG: 862, PAR: 861, CH: 863 , 
SEG: 863, PAR: 862, CH: 864 , 
SEG: 864, PAR: 863, CH: 865 , 
SEG: 865, PAR: 864, CH: 866 , 
SEG: 866, PAR: 865, CH: 867 , 
SEG: 867, PAR: 866, CH: 868 , 
SEG: 868, PAR: 867, CH: 869 , 
SEG: 869, PAR: 868, CH: 870 , 
SEG: 870, PAR: 869, CH: 871 , 
SEG: 871, PAR: 870, CH: 872 , 
SEG: 872, PAR: 871, CH: 873 , 
SEG: 873, PAR: 872, CH: 874 , 
SEG: 874, PAR: 873, CH: 875 , 
SEG: 875, PAR: 874, CH: 876 , 
SEG: 876, PAR: 875, CH: 877 , 
SEG: 877, PAR: 876, CH: 878 , 
SEG: 878, PAR: 877, CH: 879 , 
SEG: 879, PAR: 878, CH: 880 , 
SEG: 880, PAR: 879, CH: 881 , 
SEG: 881, PAR: 880, CH: 882 , 
SEG: 882, PAR: 881, CH: 883 , 
SEG: 883, PAR: 882, CH: 884 , 
SEG: 884, PAR: 883, CH: 885 , 
SEG: 885, PAR: 884, CH: 886 , 
SEG: 886, PAR: 885, CH: 887 , 
SEG: 887, PAR: 886, CH: 888 , 
SEG: 888, PAR: 887, CH: 889 0 , 
SEG: 889, PAR: 888, CH: 890 , 
SEG: 890, PAR: 889, CH: 891 , 
SEG: 891, PAR: 890, CH: 892 , 
SEG: 892, PAR: 891, CH: 893 , 
SEG: 893, PAR: 892, CH: 894 , 
SEG: 894, PAR: 893, CH: 895 , 
SEG: 895, PAR: 894, CH: 896 , 
SEG: 896, PAR: 895, CH: 897 , 
SEG: 897, PAR: 896, CH: 898 , 
SEG: 898, PAR: 897, CH: 899 , 
SEG: 899, PAR: 898, CH: 900 , 
SEG: 900, PAR: 899, CH: 901 , 
SEG: 901, PAR: 900, CH: 902 , 
SEG: 902, PAR: 901, CH: 903 , 
SEG: 903, PAR: 902, CH: 904 , 
SEG: 904, PAR: 903, CH: 905 , 
SEG: 905, PAR: 904, CH: 906 , 
SEG: 906, PAR: 905, CH: 907 , 
SEG: 907, PAR: 906, CH: 908 , 
SEG: 908, PAR: 907, CH: 909 , 
SEG: 909, PAR: 908, CH: 910 , 
SEG: 910, PAR: 909, CH: 911 , 
SEG: 911, PAR: 910, CH: 912 , 
SEG: 912, PAR: 911, CH: 913 , 
SEG: 913, PAR: 912, CH: 914 , 
SEG: 914, PAR: 913, CH: 915 , 
SEG: 915, PAR: 914, CH: 916 , 
SEG: 916, PAR: 915, CH: 917 , 
SEG: 917, PAR: 916, CH: 918 , 
SEG: 918, PAR: 917, CH: 919 , 
SEG: 919, PAR: 918, CH: 920 , 
SEG: 920, PAR: 919, CH: 921 , 
SEG: 921, PAR: 920, CH: 922 , 
SEG: 922, PAR: 921, CH: 923 0 , 
SEG: 923, PAR: 922, CH: 924 , 
SEG: 924, PAR: 923, CH: 925 , 
SEG: 925, PAR: 924, CH: 926 , 
SEG: 926, PAR: 925, CH: 927 , 
SEG: 927, PAR: 926, CH: 928 , 
SEG: 928, PAR: 927, CH: 929 , 
SEG: 929, PAR: 928, CH: 930 , 
SEG: 930, PAR: 929, CH: 931 , 
SEG: 931, PAR: 930, CH: 932 , 
SEG: 932, PAR: 931, CH: 933 , 
SEG: 933, PAR: 932, CH: 934 , 
SEG: 934, PAR: 933, CH: 935 , 
SEG: 935, PAR: 934, CH: 936 , 
SEG: 936, PAR: 935, CH: 937 , 
SEG: 937, PAR: 936, CH: 938 , 
SEG: 938, PAR: 937, CH: 939 , 
SEG: 939, PAR: 938, CH: 940 , 
SEG: 940, PAR: 939, CH: 941 , 
SEG: 941, PAR: 940, CH: 942 , 
SEG: 942, PAR: 941, CH: 943 , 
SEG: 943, PAR: 942, CH: 944 , 
SEG: 944, PAR: 943, CH: 945 , 
SEG: 945, PAR: 944, CH: 946 , 
SEG: 946, PAR: 945, CH: 947 , 
SEG: 947, PAR: 946, CH: 948 , 
SEG: 948, PAR: 947, CH: 949 , 
SEG: 949, PAR: 948, CH: 950 , 
SEG: 950, PAR: 949, CH: 951 , 
SEG: 951, PAR: 950, CH: 952 , 
SEG: 952, PAR: 951, CH: 953 , 
SEG: 953, PAR: 952, CH: 954 , 
SEG: 954, PAR: 953, CH: 955 , 
SEG: 955, PAR: 954, CH: 956 , 
SEG: 956, PAR: 955, CH: 957 , 
SEG: 957, PAR: 956, CH: 958 , 
SEG: 958, PAR: 957, CH: 959 , 
SEG: 959, PAR: 958, CH: 960 , 
SEG: 960, PAR: 959, CH: 0 961 , 
SEG: 961, PAR: 960, CH: 962 , 
SEG: 962, PAR: 961, CH: 963 , 
SEG: 963, PAR: 962, CH: 964 , 
SEG: 964, PAR: 963, CH: 965 , 
SEG: 965, PAR: 964, CH: 966 , 
SEG: 966, PAR: 965, CH: 967 , 
SEG: 967, PAR: 966, CH: 968 , 
SEG: 968, PAR: 967, CH: 969 , 
SEG: 969, PAR: 968, CH: 970 , 
SEG: 970, PAR: 969, CH: 971 , 
SEG: 971, PAR: 970, CH: 972 , 
SEG: 972, PAR: 971, CH: 973 , 
SEG: 973, PAR: 972, CH: 974 , 
SEG: 974, PAR: 973, CH: 975 , 
SEG: 975, PAR: 974, CH: 976 , 
SEG: 976, PAR: 975, CH: 977 , 
SEG: 977, PAR: 976, CH: 978 , 
SEG: 978, PAR: 977, CH: 979 , 
SEG: 979, PAR: 978, CH: 980 , 
SEG: 980, PAR: 979, CH: 981 , 
SEG: 981, PAR: 980, CH: 982 , 
SEG: 982, PAR: 981, CH: 983 , 
SEG: 983, PAR: 982, CH: 984 , 
SEG: 984, PAR: 983, CH: 985 , 
SEG: 985, PAR: 984, CH: 986 , 
SEG: 986, PAR: 985, CH: 987 , 
SEG: 987, PAR: 986, CH: 988 , 
SEG: 988, PAR: 987, CH: 989 , 
SEG: 989, PAR: 988, CH: 990 , 
SEG: 990, PAR: 989, CH: 991 , 
SEG: 991, PAR: 990, CH: 992 , 
SEG: 992, PAR: 991, CH: 993 , 
SEG: 993, PAR: 992, CH: 994 , 
SEG: 994, PAR: 993, CH: 995 , 
SEG: 995, PAR: 994, CH: 996 , 
SEG: 996, PAR: 995, CH: 997 , 
SEG: 997, PAR: 996, CH: 998 , 
SEG: 998, PAR: 997, CH: 999 , 
SEG: 999, PAR: 998, CH: 1000 , 
SEG: 1000, PAR: 999, CH: 1001 , 
SEG: 1001, PAR: 1000, CH: 1002 , 
SEG: 1002, PAR: 1001, CH: 1003 , 
SEG: 1003, PAR: 1002, CH: 1004 , 
SEG: 1004, PAR: 1003, CH: 1005 , 
SEG: 1005, PAR: 1004, CH: 1006 , 
SEG: 1006, PAR: 1005, CH: 1007 , 
SEG: 1007, PAR: 1006, CH: 1008 , 
SEG: 1008, PAR: 1007, CH: 1009 0 , 
SEG: 1009, PAR: 1008, CH: 1010 0 , 
SEG: 1010, PAR: 1009, CH: 1011 , 
SEG: 1011, PAR: 1010, CH: 1012 , 
SEG: 1012, PAR: 1011, CH: 1013 , 
SEG: 1013, PAR: 1012, CH: 1014 , 
SEG: 1014, PAR: 1013, CH: 1015 , 
SEG: 1015, PAR: 1014, CH: 1016 , 
SEG: 1016, PAR: 1015, CH: 1017 , 
SEG: 1017, PAR: 1016, CH: 1018 , 
SEG: 1018, PAR: 1017, CH: 1019 , 
SEG: 1019, PAR: 1018, CH: 1020 , 
SEG: 1020, PAR: 1019, CH: 1021 , 
SEG: 1021, PAR: 1020, CH: 1022 , 
SEG: 1022, PAR: 1021, CH: 1023 , 
SEG: 1023, PAR: 1022, CH: 1024 , 
SEG: 1024, PAR: 1023, NO CH, 
